indice_tiempo,total,agri_ganaderia_caza_silvicultura,agri_ganaderia_caza_serv_conexos,silvicultura_extr_madera_serv_conexos,pesca,explotacion_minas_canteras,extr_c_lig_turba_petro_crudo_gas_nat_act_rel_exc_act_prosp,extr_minerales_metaliferos_explotacion_minas_canteras_ncp,ind_manufacturera,elaboracion_prods_alimenticios_bebidas,elaboracion_prods_tabaco,fabr_prods_textiles,fabr_prendas_vestir_terminacion_tenido_pieles,curtido_term_cueros_fabr_art_marroq_talab_calzado_partes,prod_mad_fabr_mad_corcho_exc_mue_fabr_art_paja_mat_trenz,fabr_papel_prods_papel,edicion_impresion_reprod_grabaciones,fabr_coque_prods_refinacion_petro_comb_nuclear,fabr_sustancias_prods_quimicos,fabr_prods_caucho_plastico,fabr_prods_minerales_no_metalicos,fabr_metales_comunes,fabr_prods_elaborados_metal_excepto_maquinaria_equipo,fabr_maquinaria_equipo_ncp,fabr_maquinaria_oficina_contabilidad_informatica,fabr_maquinaria_aparatos_electricos_ncp,fabr_eq_aparatos_radio_television_comunicaciones,fabr_instrumentos_medicos_opticos_precision_fabr_relojes,fabr_vehiculos_automotores_remolques_semirremolques,fabr_equipo_transporte_ncp,fabr_muebles_colchones_inds_manufactureras_ncp,reciclamiento,reparacion_mantenimiento_instalacion_maq_eq,electricidad_gas_agua,generacion_captacion_distribucion_energia_electrica,fabr_gas_distribucion_combs_gaseosos_por_tuberias,captacion_depuracion_distribucion_agua,construccion,comercio_mayorista_minorista_reparaciones,hoteles_restaurantes,hoteles_campamentos_otros_tipos_hospedaje_temporal,restaurantes_bares_cantinas,transporte_comunicaciones,transporte,comunicaciones,intermediacion_financiera,intermediacion_financiera_otros_serv_financieros,serv_seguros,serv_auxiliares_actividad_financiera,act_inmobiliarias_empresariales_alquiler,serv_inmobiliarios_bienes_propios_arrendados,resto,adm_publica_defensa_planes_seg_soc_afiliacion_obligatoria,ensenianza,ensenianza_publica,ensenianza_privada,serv_sociales_salud,salud_publica,salud_privada,otras_act_serv_comunitarias_sociales_personales,eliminacion_desperdicios_aguas_resid_sanea_serv_similares,asociaciones,serv_culturales_deportivos_otras_act,serv_organizaciones_organos_extraterritoriales,no_clasificados
2004-01-01,1079.1111475076532,637.7685090776165,637.3594581343426,648.8338939027374,2346.925247552734,2923.933556170165,3768.669485538086,1419.995129810209,1282.6297902767458,1112.9823479535896,2458.830822546084,1023.2011710508572,710.3809742090767,952.9818159512582,727.1182368147644,1401.2480903408757,1539.9398923136273,3762.5525730707673,2359.8652893635135,1181.5734374170493,1281.9093768889543,1836.042140069829,925.4830737115434,1157.350354705911,1190.6194489961943,1142.2648498214307,1657.7045890739573,1107.731687861464,1569.2559032158063,1151.671570498682,837.5123885130708,1039.7055374307013,1035.3847789223448,2324.2692360010537,2602.4955680706753,2352.9250781444216,1449.4502321295322,775.6013381910756,963.7541895009191,703.1938525851409,880.5117797778023,619.617660326602,1352.442576906184,1205.2523519958354,1814.002302952514,2387.3562518737917,3160.015146740051,1803.70748683069,1877.094717541091,922.4454116585936,849.4052648981632,928.1931345325326,0.0,545.3737633287019,0.0,545.3737633287019,918.7428682033117,0.0,918.7428682033117,961.9817630823137,1214.7635478724037,966.2284320780352,897.3924080897195,750.3002796168582,1131.5034713435814
2004-04-01,1179.375231782381,698.058581122315,697.2502793981909,720.0363692966005,2781.975695993297,2961.114222305194,3774.005415906444,1537.0233821714567,1432.41152715662,1251.148214832495,2498.7217610076814,1103.4905352738967,780.4536428675025,1075.3983136806823,793.10301259962,1569.6269197413958,1705.9451078945795,4308.072746227574,2648.0283459308134,1341.7079792290651,1381.8770955700677,2201.874694812064,1022.6004710587698,1297.42768628406,1386.412112568725,1269.8081835814628,1716.877827775635,1212.3102913352288,1750.8492451449931,1153.1661298292756,938.2327307554108,1216.004760263061,1117.6585824081794,2320.185481266823,2502.81860638548,2511.357114761522,1664.813604074838,852.4220180179497,1054.4013853724143,789.7110327480839,991.068533329811,701.4355548943144,1503.8655314216874,1360.8165620327125,1958.2986172481321,2271.0727909012353,2751.2854501951133,1925.4648375667982,1833.7631510050244,1014.024493825802,945.3779554251284,1019.2422923646577,0.0,626.858504573097,0.0,626.858504573097,996.0967701711577,0.0,996.0967701711577,1116.542811002897,1395.1062204293419,1162.5486168578539,1000.2597636160975,845.5861744221297,1339.0357751176537
2004-07-01,1022.0596377882749,634.5144894218898,634.3383159911241,639.1417599538895,2209.829495412974,2574.3396423969048,3276.580262238708,1347.5557985768246,1226.1405095693024,1096.721335787126,2095.245025194625,959.4198046915061,689.5237282811618,959.0910037241601,734.5203854469935,1357.0918174927167,1472.4909154103711,3334.913876330956,2135.945354157995,1146.880581050883,1199.8243390011248,1788.8012316968843,885.3162507460836,1117.7420552513006,1223.3769788411748,1125.603239796262,1588.2443497131146,1066.1107401831819,1502.785537891789,1034.9659312384847,833.9998027856699,1048.4526155872668,1003.1321464643679,1978.4182862839791,2142.4003088184363,2124.1973794419014,1397.0635738760775,732.0331657095215,910.8839982013932,686.4155319993644,872.4915551538933,604.7316992025155,1297.1614504815568,1179.2256156192666,1676.6551897244592,1963.626358445351,2390.9395181867803,1662.6447173697957,1545.1196480487533,899.0074495917829,844.4109326454776,903.0962679898334,0.0,586.9947925756571,0.0,586.9947925756571,874.5410812018455,0.0,874.5410812018455,940.8714513840065,1231.7645908920283,959.9916265270142,856.8048750919537,763.7365305848167,1208.1383367428882
2004-10-01,1216.1446360137968,744.4404394249992,744.477950989504,743.4438284146369,2575.040010848397,3276.143234729621,4250.685937942614,1628.281920559968,1504.4308341443711,1297.9154188894659,2422.151591275644,1177.100940513768,819.9399085793308,1147.9406726603495,886.9259354069676,1622.5410743015016,1682.710605397201,3982.368605720083,2618.417073833303,1448.3988011114686,1478.9291680371691,2775.6676173756014,1093.8812165913182,1412.3320604684122,1435.0789500233916,1372.7640148021972,2183.721767493829,1408.9288540351931,1895.611911098757,1255.5045314108536,1008.2533878320957,1294.0463915395537,1303.815076915121,2335.0151223873945,2514.082326491208,2667.9959315100996,1625.9796132105268,885.5291075442437,1069.4270638031567,790.2742106353195,1008.9723839791025,697.0964739728236,1550.393340911743,1414.451480284463,1993.107356902579,2273.4506607091275,2686.416650032664,1973.5122957760739,1920.5915449977642,1058.388037279312,981.146656160924,1063.927421596545,0.0,688.7246339653393,0.0,688.7246339653393,1008.2264497202971,0.0,1008.2264497202971,1111.8460772065498,1436.7416859072628,1150.870930877176,1000.8314714751203,883.2792199700262,1350.1003006795834
2005-01-01,1190.765313985842,693.0476699968534,693.6549015185736,675.6206211867875,2469.0365517625914,3378.9507296998345,4351.666988714241,1641.0117095105657,1431.8916484298823,1264.5103274792523,2476.814565309959,1105.6753229999042,800.9135155196869,1118.5121195512904,877.2811199576969,1590.8412078994963,1573.3412207733272,3882.1684370679163,2524.8661424320894,1379.3077247074555,1421.5685930200393,2300.120437430936,1071.8615515486006,1322.8105391524073,1344.067646523311,1290.6412985203585,2152.5453817581947,1279.3347017407618,1813.5437253840187,1157.961840746316,957.3509924735397,1210.8948981503677,1171.4573170314522,2512.06850952492,2798.039641515561,2597.0582661652625,1586.664507102941,844.861374892226,1053.9942083604578,792.9417763452053,1013.3695664921315,694.2836679234744,1524.9267227148919,1350.9259940092747,2098.010582551154,2574.036830614938,3422.20010852472,1935.9774231423326,1979.8296497635597,1018.1049065371503,924.7543632255523,1024.9114152994148,0.0,641.1731950346232,0.0,641.1731950346232,977.097531574776,0.0,977.097531574776,1068.7514249544524,1488.6954078502615,1091.8106540486885,951.1516127804241,839.8810637258924,1150.2702618363442
2005-04-01,1330.6186102296501,753.642959974913,754.2519094574382,736.6628628942425,3297.6241470525265,3561.7678476639812,4554.843824084328,1837.7126105989742,1623.398984353021,1452.0110094094512,2382.069122652457,1260.9567887877854,935.4017867124129,1305.3022993519887,966.7518620980487,1847.1082956393195,1781.1647014232744,4792.578558331192,2785.1054880319284,1564.0651141574497,1742.0062106047974,2552.4293221974235,1218.250149399291,1497.3356158976874,1499.0067204548752,1466.1043090416163,2286.4384010037147,1535.5820949729489,2000.8098011699858,1314.7103498031672,1058.0797605811206,1554.081306962435,1338.6277643664673,2727.115439819077,2990.682008195485,2930.8003628448164,1805.108249785835,1045.815531417748,1166.0785435341702,887.4677785700051,1143.1518014781182,781.5444172786393,1727.6553129784547,1597.9544993567256,2166.67306583342,2461.124284909355,3019.678673677458,2043.3201024824666,2051.208495600517,1142.9041803663706,1047.1271667614503,1149.8309241882555,0.0,785.1792171298152,0.0,785.1792171298152,1104.8339906542599,0.0,1104.8339906542599,1216.9924574001639,1633.6457700482479,1254.5177079430491,1091.8559619042196,913.9571390307226,1415.4869853338764
2005-07-01,1224.8847102928628,707.3236779934925,708.3398575126498,680.2422752183099,2285.391549555557,3271.0806663203584,4221.167722827403,1653.4771500120867,1478.3888942809626,1332.5154943255234,2235.9009329921982,1143.823558664483,889.487276550287,1135.0293464178237,861.9912976059181,1639.5142266687724,1555.847448381829,3580.120841813652,2461.9599098957638,1392.8758362941544,1405.3725121744262,2735.706396130855,1130.8296083170248,1388.3192430616523,1430.2114307544502,1326.738765164034,2075.7645627925635,1275.9501916703994,1889.141573902828,1224.689883348686,978.0302215396949,1338.2959888414832,1223.7246740909543,2349.3983875183326,2555.476196095037,2615.3720204668425,1577.3310024075145,955.0127758227766,1109.676396804012,794.0314474381264,998.5837506490615,708.2079458549211,1553.0809345015077,1452.9513055919608,1895.486247065109,2345.6516950890223,2900.902923498934,1947.8928033562818,1804.9260293921627,1085.277005106992,1047.6242612787617,1088.0320472710312,0.0,728.0964148469088,0.0,728.0964148469088,990.9535262797148,0.0,990.9535262797148,1101.0973461918625,1481.010243158014,1137.5021240061608,990.8913252644476,896.2162547194433,1278.6842588168656
2005-10-01,1481.2715862437838,873.406174433613,874.6600634490641,839.9960911299103,3007.50408423034,4163.707827405443,5428.999978951951,2024.5013033699308,1835.394211122387,1644.9430540556425,3178.567827656384,1495.160917871783,1106.0115295996147,1387.4792468441613,1092.4121828293416,2072.0396649553336,1942.834464350448,4480.402208189489,3089.729200052288,1818.4239968144734,1765.1912251194576,2958.031007038641,1412.0107341802395,1744.4908779390612,1623.511737369396,1699.1112833528866,2677.5948303343525,1624.3624900648647,2345.8441164203336,1561.4125974692943,1203.480877973383,1624.1713256851494,1522.9373351955107,2876.653774493984,3117.988178371078,3145.7772951263973,1996.4890487950904,1097.8746827846292,1332.985534453139,956.1186528540443,1193.9058849636062,858.4116760775449,1916.9813340183352,1812.0221660475643,2282.1322473700266,2656.360278288985,3191.7998871895843,2279.9145744305556,2070.2112722382135,1267.6247314628931,1164.1095184378305,1274.921810932793,0.0,885.8198093278696,0.0,885.8198093278696,1223.2532998327497,0.0,1223.2532998327497,1336.494555555953,1890.1288285615028,1382.3207237237605,1186.8244656046488,1064.6188359007274,1528.4322794227323
2006-01-01,1413.6583991320595,788.290296963717,788.9248813285705,770.193063666644,3342.7563308349536,4239.982943194074,5514.530507182651,2004.2430737372802,1696.2456463635144,1499.8648826260649,3473.4419917272653,1297.31508581588,975.1522671663992,1243.7444406966902,1005.8061365340822,1920.5051553156036,1801.3791089363685,5172.935262740763,3027.1259733222505,1649.2819262550693,1593.3828966086776,2625.687286968574,1297.616639430702,1567.2635032326573,1446.946460403731,1633.6083432389141,2545.3917483893933,1475.836622693976,2129.378933398885,1450.5783667790497,1124.8708321111994,1480.6422879705274,1415.7960653729788,3073.526252038064,3394.97510394323,3226.9229417870597,2205.325312412996,1048.4323544730325,1245.3270064051767,959.5105801752342,1215.2752250998117,847.7627192198983,1835.5714418713706,1702.5532666627223,2306.0954064216203,2932.899373338394,3904.817830771528,2187.4081482753027,2212.7116012625634,1202.8117591941973,1081.9865224396488,1211.3520667355072,0.0,815.0158404789269,0.0,815.0158404789269,1230.107208006899,0.0,1230.107208006899,1206.8438706433374,1570.0581424847478,1253.8090447479708,1098.3549487604323,1031.36105213858,1333.192402746576
2006-04-01,1622.4712607618912,915.2186441703271,916.308450080632,885.8795802397541,4648.246415625383,4675.900573250999,6078.000023606622,2200.0012268123323,1941.880657622687,1744.9316752213615,2793.6205603054623,1560.9993437394733,1129.8591090042426,1462.859527468062,1189.8911858594724,2195.809351705626,2122.143011784334,4727.3438152829685,3351.380473033542,1886.925371407629,1954.6720138757312,3178.6513838785745,1460.9870130517975,1798.4443232102967,1686.6465174784807,1772.397062131407,2784.7767273859195,1765.1760775731964,2449.286715926774,1622.3173178787217,1311.717451996368,1869.390561956522,1673.2734171527677,3222.7168753126543,3402.1202963735595,3526.341967380825,2524.5985855019726,1244.2298804168179,1433.3528575834328,1096.5579813490403,1398.9201142627323,973.0639597040836,2176.2464703776436,2060.905962634067,2591.745679765253,2891.1343708839786,3531.6635124591744,2417.642220483699,2273.3019401675265,1378.40102656535,1276.3882967971404,1385.5041550611,0.0,1014.155220620623,0.0,1014.155220620623,1431.082961319855,0.0,1431.082961319855,1463.1304218401065,2078.832727663398,1514.145856884974,1298.7775264395807,1185.6929997040174,1653.9209039390623
2006-07-01,1486.120421404656,871.7767082786572,872.8031220551514,845.4483515188787,4855.585123859487,4251.454272611616,5541.249619114545,2004.7891690297888,1801.2859405670995,1621.0483684394724,2824.3978439542184,1436.668843318044,1082.4142933261496,1289.593125105116,1099.7368990780517,1971.6214909240475,1833.7416477231964,4040.451018098911,2912.6170983528664,1736.1332894685206,1717.663006539023,3274.779185716407,1441.7047010330089,1738.2535660482629,1566.8922833294184,1720.925245034436,2485.850521920898,1672.8765626412687,2356.600731081788,1557.2008634444521,1244.0064516331652,1732.7363438316183,1571.806687025112,2819.216238791894,3027.0037395907434,3110.208094949374,2045.8131749726974,1178.9157587075367,1301.8609490363522,986.260418616422,1254.7116896165062,876.1376624700576,1959.631192523883,1863.7887554885465,2306.81310879464,2539.375100121226,3076.812938031964,2138.765740929277,2008.7934126036846,1280.2193466853018,1246.630002874961,1282.5485580032296,0.0,906.9313997218909,0.0,906.9313997218909,1280.1520743153194,0.0,1280.1520743153194,1334.4026012527484,1959.5297037888133,1367.6508442690042,1190.2813523128132,1144.3815417517008,1491.9065668698202
2006-10-01,1762.6031586846934,1031.2359378479537,1031.3914590247657,1027.124699303038,4249.4163458435,4965.4387503470425,6382.033619697582,2483.596565323629,2168.9681102178865,1967.450278072782,3262.5984156462587,1738.7942508618912,1263.1861605589177,1540.2321659507716,1322.9312373937003,2413.4662919282564,2261.733618214723,5195.529638168611,3593.884558453805,2070.210334272336,2089.706616739284,3702.486757321429,1688.8519032367092,2044.6508821736625,1826.2544865980542,2051.975629210174,3240.4417278147093,1934.305082775834,2888.6383852826516,1866.1823138202135,1493.3170836121762,1984.2829304523063,1856.6829119919905,3367.7445193077147,3611.8848206105868,3687.4135867989385,2461.769553499616,1381.966224689056,1554.2997920043351,1162.255358634652,1472.5911841210452,1036.730579052983,2341.4754788689806,2233.753510940178,2736.650133596531,3004.8201076211803,3536.263070934021,2614.3756273020063,2451.760595573676,1512.5622644439204,1411.413603117098,1519.3724199871249,0.0,1064.9934003098926,0.0,1064.9934003098926,1492.9369645111865,0.0,1492.9369645111865,1621.2233121475842,2323.132738818278,1669.894343788368,1449.2728174679648,1327.1059554618473,1755.756866596178
2007-01-01,1683.9273416464648,952.2614226188778,952.959809193382,932.9213113475947,4080.5331812102636,5179.451752104691,6737.9132402880405,2471.802825647608,2024.0361523924662,1856.4444051560913,3752.9690696421517,1527.5380332642405,1143.7894588332117,1402.5513632879363,1225.9135517097957,2221.7237537830583,2131.993813913693,6099.49051925682,3523.5310292547388,1922.6223005024071,1935.4563577735519,3123.4656074466284,1538.8432123412406,1828.6348395268785,1663.0590280038684,1954.6738651836577,2867.6343936605463,1877.183265772575,2614.6746105483626,1703.550523238111,1384.9265782826715,1799.9545062499997,1722.9282547848138,3678.7949498546714,4056.762517269331,3983.1462745048007,2421.3021291827754,1284.499944520371,1460.8591702883414,1113.9213988073486,1415.8439049905485,984.6227346278603,2180.534867692599,2057.0402739288297,2638.837105969614,3556.170355753133,4754.269216253223,2597.392563057216,2686.4193697819705,1409.7865348132887,1308.543974349959,1416.4981245217223,0.0,975.921768323089,0.0,975.921768323089,1496.116496348316,0.0,1496.116496348316,1467.9863527578857,2090.5107520504444,1496.1263063970125,1331.589696424401,1277.1467393197843,1598.524758612902
2007-04-01,1930.4587986534038,1070.3290006668233,1069.7368649341327,1086.347801500899,5566.359833961791,5353.033956753088,6916.78591286673,2621.7240219588666,2369.363733165205,2127.152377185144,3158.519746304524,1825.5409883947102,1343.6859810917751,1700.829043780862,1399.2614675101738,2564.191061792188,2462.3153826619555,5606.7671490556,3956.2410734198243,2299.3504779924797,2328.5174772444407,4117.641147891887,1871.7460872082377,2226.8697306553404,1916.516414922476,2262.08474129465,3257.0960334294195,2298.563883924259,3153.9050537856087,2047.5556318017154,1629.7461869652332,2307.631908075701,2046.0061069065678,3842.9770520612037,4167.009049429097,3946.9514998616455,2838.24213325259,1566.4196341049544,1681.8443182096894,1273.5032298438118,1625.5119538849217,1132.6527776920157,2579.2715560509578,2458.1938739864045,3036.1861430522536,3313.838266522476,4025.5552796309307,2769.0707233057014,2588.773395036301,1596.4446493855069,1517.3841478679844,1601.5343477766276,0.0,1260.1544587973133,0.0,1260.1544587973133,1710.4664231911484,0.0,1710.4664231911484,1722.1784748949017,2490.4075628024666,1769.3432736221744,1541.0051457770771,1507.28662487785,1894.0536111072568
2007-07-01,1790.270495560638,1011.8862069186804,1012.8855985276399,986.0858163259128,4508.415480924078,5531.177789102351,7294.961638827274,2435.4610364183404,2151.2236284970295,1980.329301304781,2973.965439993085,1658.6678503961705,1241.7866571466225,1536.8607106199163,1293.136610459946,2267.941276371919,2234.4014944707546,4824.837852867817,3480.387020822675,2110.304594628448,2084.753719218716,3826.1306780743234,1707.8173256929663,2028.6802418823454,1796.1238491698534,2054.8457078581437,3066.1462452963387,2070.1674769949923,2755.108438121461,1889.1574971910184,1514.8967695283943,2081.194799971477,1897.0858529911766,3505.884448973586,3823.151531661465,3581.672457650705,2545.2136425754416,1473.1130338422056,1561.8811928361893,1223.0485907701675,1552.507791236328,1089.3138270291063,2367.300672684638,2261.1618216463703,2768.639434259197,3009.471222139404,3634.025369221933,2529.1451926198633,2367.065963671614,1529.117454044585,1512.6737690016828,1530.182028519416,0.0,1135.9392838488304,0.0,1135.9392838488304,1520.5791800511165,0.0,1520.5791800511165,1626.569425901875,2365.688228379554,1648.436865885059,1476.5787081500705,1419.1138689972036,1723.9139968755449
2007-10-01,2176.3103344104275,1297.6239850281456,1297.7390615281229,1294.5010898893213,4160.3440969214225,6602.013140761017,8472.29695754374,3280.8313377606423,2668.0045682007008,2406.3449016770537,3810.279209911932,2135.8524412888246,1574.9935344171467,1957.4465189460275,1595.6634457423038,2875.52539424645,2771.6675369756813,6277.373725096622,4324.45438421553,2618.8915290541736,2609.194057476633,4469.285807581095,2142.6970166341016,2570.028011359125,2222.277909321656,2501.8471338827335,4029.774484857347,2460.1494336294827,3496.7385810997844,2398.9167927238714,1886.0787261865878,2558.724843525129,2283.5245865783245,4168.150300600101,4451.4859381323695,4666.776161436057,3100.0300783614966,1816.172590324018,1913.7045408097676,1430.5172966697223,1817.164150883805,1275.1250970560625,2881.165497666814,2747.7458887850994,3386.696316842825,3617.790819280107,4328.202287026926,3059.5563711324303,2921.660297381518,1806.7407937686319,1761.3990411161692,1809.5544436669027,0.0,1375.502120891139,0.0,1375.502120891139,1880.3954069114545,0.0,1880.3954069114545,1991.0164812191429,2849.3801177366418,2047.382601622808,1788.410100585791,1698.629278977709,2174.1329501635864
2008-01-01,2053.0743867826354,1185.0479958498715,1186.7058440726246,1139.5519894599638,3548.616261655918,6266.454134976201,8127.519361236491,3111.1667775867204,2469.145629104384,2288.7072613300725,4037.5015479178937,1744.7856889038915,1366.953412173242,1694.60651592246,1459.3439948713499,2723.011851877798,2579.379396460637,7121.69111213915,4314.031536076502,2362.4568030265964,2290.0133718532807,3556.318314817313,1905.7025383766895,2231.377794258272,2000.4185185257625,2376.357304856131,3597.1494500100644,2175.102836680801,3320.788936203905,2128.7205145356843,1746.9377530921042,2290.08660590376,2122.435663310202,4332.061533941571,4797.16412517026,4697.31715144666,2800.1474608764674,1644.40975518889,1790.8307592157653,1294.3584057438172,1648.9618391872234,1142.2019548009114,2695.8020026263644,2503.305772496098,3438.8749848650755,4076.649657598951,5313.4633110817695,3065.6851081064674,3106.4244219321386,1712.1051800554944,1652.600474908154,1715.818125594691,0.0,1306.6185293324702,0.0,1306.6185293324702,1780.0416773724492,0.0,1780.0416773724492,1796.9056410677024,2553.1840557280084,1793.5459190197175,1664.3829161532383,1523.87264574468,2137.709966407361
2008-04-01,2432.748410454372,1349.9343905089338,1350.4336069637873,1336.6681073848008,5778.2323236785505,7383.818706774303,9654.583237183459,3472.3734747249346,2927.71000208479,2722.1189262959942,3638.364584443295,2240.9387640529285,1681.245353176903,2115.103182254839,1687.0004838056375,3126.0995771747475,3013.597008191268,6781.468405036725,5015.2487590997025,2742.7263215017138,2872.420271313865,4852.83609698251,2272.705545196226,2706.3356304321333,2414.150034600399,2688.762680204962,4487.266750296788,2595.1901586428203,3717.1891993158283,2577.954639359341,2085.555007666424,2853.2302088921283,2528.9550368903433,4849.4219917984,5208.355520989308,5257.763704305965,3583.1652037250087,2046.5857914699518,2115.898169576829,1576.3378524352345,2051.433112226165,1390.085896673604,3153.766260041237,3016.613872378387,3691.4692843319467,4256.008436254674,5228.186537178243,3494.5315500004253,3243.7573126949537,2033.7493468273701,1959.1305351132955,2038.354551293054,0.0,1719.8106922866996,0.0,1719.8106922866996,2064.3064537656783,0.0,2064.3064537656783,2197.5791341300082,3078.5344926702037,2260.826706196309,1983.625796798946,1894.205097379259,2558.164854905991
2008-07-01,2286.3541171979614,1359.7181358347873,1363.874287091186,1253.6717726226034,4886.411377163596,7278.457310525823,9688.881766900513,3146.1801179467193,2728.1049571157146,2529.688654004392,3752.981277008446,1999.6305702957088,1598.0466350134202,2045.8418969186546,1587.4270106649126,2919.6134555165686,2679.333222004849,6191.601885643612,4423.675127702296,2502.640659342787,2630.141006471773,4839.562964480319,2167.9206367566203,2597.4402415029695,2263.516097062048,2583.3128413180675,4243.897322012602,2448.100522735,3482.4179081582406,2411.767461563399,1950.8074070226328,2801.199173993587,2482.752903463484,4439.756961525613,4759.712396720375,4684.3282168714,3361.5058246936874,1934.8270451799995,1990.4320240544453,1535.4718809419855,1984.8960014264128,1357.8990439079153,2949.1406341759416,2819.3942883622694,3457.8433545033,3749.52525022667,4455.553279836033,3214.56009108016,2951.759779867475,1973.5764946647892,1944.931928631816,1975.4003676852142,0.0,1540.8677005968907,0.0,1540.8677005968907,1933.5831815568865,0.0,1933.5831815568865,2055.61958925467,3018.8967057887235,2076.436571349163,1870.7446727821323,1777.2103586435678,2316.568034611513
2008-10-01,2760.799669027838,1609.9148031494929,1612.3121263044218,1543.5632276740241,4928.713504966298,8611.97499590948,11290.953829650029,3996.852781853795,3355.9353889835807,3113.2289387903456,4646.828694169033,2487.23145949097,1917.3798124060982,2466.220925147926,1899.8056334085327,3553.9944599285923,3390.4652340215716,7494.0735850221245,5455.683085764746,3110.7284958259856,3229.4806420604677,5668.099237100699,2681.534918897879,3147.965491421189,2834.59583617565,3063.3790716114536,5906.175023593654,2944.7426574759156,4417.8109743044315,2930.222799042255,2360.8221618163684,3155.1119145281027,2932.595624225352,5333.139282201954,5683.731002462163,5592.072282014086,4158.374742761549,2268.5630002088315,2389.9724169985348,1788.9140070517437,2326.7586685149067,1577.6116468112411,3574.9545006909625,3407.9897657501338,4211.037842584287,4901.976704618292,5569.3524532332885,4494.408144136848,3637.960008160854,2296.4491736262044,2198.6161496078253,2302.6566487146483,0.0,1913.5738008279318,0.0,1913.5738008279318,2409.082124660061,0.0,2409.082124660061,2515.2031848453294,3644.27006188107,2557.1290240758935,2282.8193218800907,2067.7240983835413,2811.7488176842967
2009-01-01,2547.045748835862,1487.1838883601547,1490.1026990553041,1404.144499556587,3869.5207518611255,8203.869897356573,10770.522106613244,3762.254172913924,2985.7025488881163,2788.8953178470024,5101.413065377548,2074.877145269834,1661.998333813946,2046.1953638031073,1629.0926059387223,3278.1553279473005,3102.7950601128855,9085.672157386203,5279.9326669395605,2722.989489161158,2771.494540235964,4283.253644764367,2282.3791654298548,2709.7772192008842,2407.8860070379205,2864.6475151261043,5104.425579733069,2660.982419985788,3633.650914043142,2800.1070932050584,2083.2556958606706,2611.8572774046174,2534.1723888895085,5727.264051704358,6355.126190550478,6075.2088707881585,3657.131199159049,1995.3696920995621,2199.513202349358,1666.4058484034533,2129.2760267465683,1476.6040040837654,3336.5546781470052,3123.958750351043,4179.84614431917,5166.03445481188,6608.981054242829,3982.616918260278,3844.660073468692,2165.2897965059024,1986.4973202306885,2176.92936643946,0.0,1699.4232036721974,0.0,1699.4232036721974,2232.9323307735904,0.0,2232.9323307735904,2253.6167549388692,3320.0502128320486,2283.3181947268527,2034.632163889719,2063.9760440045684,2566.1193891420758
2009-04-01,2944.8553940107245,1678.2827186058048,1681.503598375759,1591.1346291823224,5768.701932235318,8814.945436010068,11581.51401980508,4098.994443592868,3449.75082701469,3272.0335630248787,4584.344398427737,2437.845201228766,1979.7296481814635,2429.173103691972,1897.7953447882385,3694.8290106324675,3623.8485469407,8154.296720489312,5917.102397928753,3239.18231532902,3352.2505097949856,5256.272233949015,2641.009424122564,3151.193486474676,2950.1726419547354,3166.786816454788,5728.381982870076,3054.1615322803113,4183.834014001879,3062.4265588104377,2454.236148256505,3248.813878197218,2981.7127802583923,6061.995450897544,6566.369590441462,6482.53667728257,4372.615451141263,2343.3788931789704,2612.0098533209953,1874.163145587952,2439.706353650416,1658.9485389214885,3894.641650293704,3703.6260441868903,4651.473404640805,5455.852257528753,6723.89661348587,4487.679174512362,3911.059587234521,2493.861939125008,2395.0006418096355,2500.3196070083345,0.0,2088.3701004409186,0.0,2088.3701004409186,2593.711646763632,0.0,2593.711646763632,2655.451052870712,3952.3340074176185,2649.121151559118,2428.046320783111,2346.6792247501,3223.02572374061
2009-07-01,2698.674123863461,1517.8392428892225,1524.0011039927672,1359.947595192618,5596.774647438236,8971.772848224604,12139.904545085286,3696.388427648033,3189.5072478392426,2997.019339972764,4430.392667034337,2356.6235714949826,1835.0562353687424,2231.0991068926546,1760.9949258359604,3374.5468433056635,3189.9903283767426,7253.779312507859,5279.186239031997,3013.8393685334186,2925.595380630718,5446.155059793281,2455.210200586791,2894.3262801866204,2585.479711448306,2931.990130123003,5344.548910956754,2730.0844715264775,4144.262234127825,2827.514321951413,2219.306000107934,3226.8225767279096,2795.7367732914036,5498.386950801853,5977.0239662366075,5602.1120188207215,4059.285948467676,2166.56904898037,2351.852728545128,1753.2957276961479,2229.6389709391087,1570.8041766567922,3569.9334503177097,3391.9495197533556,4271.774996567154,4677.110437326974,5706.1728724673,3879.9595252451722,3533.0445391574785,2325.5823336407284,2218.9580764236784,2332.505951381381,0.0,1844.287730628206,0.0,1844.287730628206,2373.7518861767458,0.0,2373.7518861767458,2424.7114432282006,3697.4670020400285,2429.7667143152535,2188.43778487923,2084.0419896201583,3073.1345978238337
2009-10-01,3224.335696708163,1831.6857190159487,1836.2798076770955,1702.645152008112,5501.895928558098,10645.917513535212,14301.044332330453,4654.913918204732,3954.987115998654,3672.4596802877077,5553.881209042977,2896.803956296325,2233.925388901199,2825.772583293602,2159.7318417335537,4274.8608280688395,3974.699801442686,9209.69311264626,6597.630326738402,3741.4502559103266,3785.670275525666,6447.340688943006,3079.0961984599885,3652.624132270372,3112.2761782905263,3655.3328227806833,7289.114222194148,3395.8073145810245,5213.890521490334,3459.8091536275915,2658.4741790167564,3759.232948216545,3314.1798415868257,6529.542375560898,7071.420795143311,6821.924148631642,4829.6892521271975,2600.6554316670013,2768.6811312327072,2050.9057685999287,2633.2011146930104,1827.9793593821998,4270.992167485396,4117.55153192027,4879.35973968042,5540.840174277742,6586.160162260242,4803.778891588559,4005.7059928714584,2703.4745864222673,2515.713733206481,2715.651359515215,0.0,2128.3313000410185,0.0,2128.3313000410185,2919.0212988997646,0.0,2919.0212988997646,2945.6767535932668,4473.072060703131,2982.891880687046,2636.1402057494897,2464.5341203777703,3747.2223912462714
2010-01-01,3078.8947941281444,1771.9876154336494,1776.6839860239083,1634.1355379203198,4468.190746973425,10531.258496333587,14087.115823744945,4728.436673643616,3703.019915561077,3485.7148315716413,5907.159374850273,2458.132251258587,2059.9782493847833,2497.3047955610714,1989.4498153068726,3990.7407517118318,3701.906637535721,10436.807470953492,6317.019582087977,3427.601076833924,3416.823241514983,5588.958586676099,2721.5170045030172,3312.9286196369662,2835.1281334286923,3483.1320679314376,6133.64709888135,3171.904804837999,5127.032577043703,3348.459392922062,2551.1663921779577,3439.107498488036,3078.484553365247,6890.254659506695,7414.896044782878,8037.812661748954,5175.93633889741,2345.1719792885783,2628.5840165783006,1914.6118340443338,2428.2640401424883,1705.4471644060827,4057.0892686020584,3791.852197388163,5112.4907312578425,6365.878745615455,8378.000458717768,4790.987848878197,4235.820627446983,2586.5805290815915,2388.304722756097,2599.045300420639,0.0,1946.6419883488022,0.0,1946.6419883488022,2687.0703235644432,0.0,2687.0703235644432,2687.7300749110395,3782.6468320956324,2786.779130855974,2407.593873255977,2255.3571307833777,3424.997895973564
2010-04-01,3650.7447755711373,2047.5800008802914,2051.3044017835364,1940.6825701395896,6804.3947737564595,11967.372205936645,16013.147433047163,5364.3983680002,4466.450129036189,4164.1048495363075,6315.49301312321,3151.71733116025,2559.366260049964,3271.7747753378444,2466.897408233988,4799.59577655691,4554.920644550963,10566.611600613325,7301.262147902865,4079.5497464961154,4400.804906484589,7042.774451334629,3448.5291760647,4201.285220735635,3609.238764649476,4105.266346790413,7595.621332936189,3842.7941389010743,5840.777178325238,4052.1984746587923,3148.002157068065,4179.068489185955,3837.0748401018127,7514.6177916589,8100.812372264015,8038.851159502874,5884.96514322505,2911.381561333244,3188.9703966332245,2282.049569821265,2923.7609163730167,2034.6685564209856,4760.279699452447,4537.149729509571,5654.265539180532,6549.381365965156,8110.101801821261,5387.33022323427,4574.988059741341,3065.4351402925868,2852.0064195478208,3078.7544129466196,0.0,2394.4924990859267,0.0,2394.4924990859267,3150.932080565657,0.0,3150.932080565657,3232.4971176350077,4442.35486717162,3329.4908976462307,2927.3713764097956,2824.588586176142,3962.174357714
2010-07-01,3422.606709028513,1972.3206070910915,1977.8071758171218,1818.2408521473637,7091.2919857053885,10895.404726592235,14573.948560793307,4859.414872979885,4160.385566923769,3890.3180216957558,6650.736473707674,3018.1429331114155,2440.5607505969497,2950.4331830069946,2289.486189236446,4310.85705054244,3910.9070580530442,8693.772020283774,6558.435781861901,3839.364319132738,3922.5628574897723,7195.36519623026,3211.7092719122943,3976.708822468664,3289.8109662745296,3912.9471345334664,7553.546914122251,3567.1388337365165,5560.947884845235,3852.4581886937776,2913.827130352965,4329.5427562671675,3705.719993135042,6740.961223906484,7101.899835711207,7190.209358325538,5703.102964161539,2745.0112202276064,2985.8366197211835,2252.4009631102167,2889.7887904772097,2005.011789246544,4569.045810353945,4415.010383288609,5194.640881086125,5832.58528027077,6887.346565627371,5104.247002773185,4153.679989888405,2951.3285944295408,2772.580836062501,2962.5582017775455,0.0,2104.131814654324,0.0,2104.131814654324,2966.8559473048876,0.0,2966.8559473048876,3031.2672727504723,4390.182151848811,3116.1167203175455,2712.4918212931943,2695.783500955883,3556.6693889257454
2010-10-01,4210.325811969484,2458.691325101221,2461.725565163224,2368.5238999679214,6649.601484944723,13679.457612138342,18230.340305974525,6299.932233266835,5180.824001070827,4813.913194617052,7609.32742891707,3831.7916534705,3103.8657614346603,3680.3892477843456,2897.2152064532047,5465.55844552983,5001.795323599795,11619.606681220726,8215.538120000874,4816.142087100969,4948.891311364636,8292.929206511659,3924.1463728697427,4903.284270829702,4079.5213875393183,4843.988110820996,10542.427184203802,4422.765949905828,6934.70129675474,4991.350746784781,3637.832115938041,5079.427031430253,4481.845869671555,8640.324571105986,9266.452118888508,8982.935490028507,6981.80040534358,3289.693774211146,3709.8863344928445,2656.413574389256,3422.1332713119314,2359.1474395810096,5652.111522564607,5490.222480396297,6318.9593962253475,7274.859734813628,8557.227313387395,6376.571141897592,5153.070724851237,3521.166469763895,3351.0282920068034,3531.6577991160448,0.0,2488.478023271951,0.0,2488.478023271951,3747.52433717234,0.0,3747.52433717234,3860.1419690339785,5271.712280368373,3886.311915233883,3589.5988472143554,3365.5647150868303,4380.98103983117
2011-01-01,4044.6873831775906,2243.995219105895,2249.1758938229277,2084.5367944969084,5490.0057304226475,13723.738406976527,18271.103850705218,6491.399790790096,4939.040491522794,4674.995304152363,8629.81328472628,3203.0316190959634,2745.4731777053385,3216.548901591602,2646.08624349467,5170.2663424439,4690.890295717697,13847.187715468932,8273.655840663112,4432.838388898755,4662.481076714751,7420.240190018903,3580.0968004468123,4462.689953443453,3820.0138577207413,4743.722693686989,8258.444176715288,4117.84955344703,6979.8528008251615,4413.742843288785,3424.55908726665,4623.193101503871,4268.97339504572,9943.057914978055,11189.530323648145,10312.862076174928,6834.8115131957575,3110.213723046184,3516.8718328294676,2511.0810232109816,3187.7660956568925,2233.5569574873643,5431.6694865628815,5165.562446404285,6544.395021668863,7901.558121230368,10025.714010708909,6193.303303343387,5542.280694439399,3386.70828139166,3138.7121385879527,3401.7538949799173,0.0,2382.566418870048,0.0,2382.566418870048,3513.428616034893,0.0,3513.428616034893,3461.502867369825,4925.317179370083,3558.9009749869924,3105.0183176091437,3060.8445654870366,3851.278889132706
2011-04-01,4838.145953286013,2652.0276931799117,2654.3186537271254,2581.7409176578253,7699.764942641443,16844.658034615462,23100.689394671703,7112.976888507599,5844.853570372128,5452.582846446314,7664.853830132779,4262.925056489794,3550.220479026984,4133.6043677377265,3227.8921952326045,6183.590230475853,5777.658768829873,14332.571808191902,9425.299058764513,5184.585833447353,5668.910812790249,9001.562729732315,4455.451880945664,5581.9764855517715,4534.334983655558,5346.855986342724,9702.586565684129,5024.652531139462,7834.674791023238,5307.399433959642,4165.718123515554,5441.218644682539,5292.449707872534,10278.21745153843,11190.489627482324,10464.874713398101,8025.827848003768,3987.924384915498,4248.181025753334,2973.2639360817675,3746.2980937628327,2677.331205805596,6594.0268823296665,6461.185594573986,7154.046532063978,8632.536529794907,10517.130386014655,7225.518576559777,5918.943811941727,3985.7330054503523,3735.283816498883,4000.8456382367476,0.0,3020.4087782661113,0.0,3020.4087782661113,4154.049224921855,0.0,4154.049224921855,4270.981673928009,5748.0282343628605,4475.036417928316,3801.3004368832,3664.760751011158,4850.437034535131
2011-07-01,4505.771022308533,2506.1132396084017,2512.2043555173877,2330.4745092702055,8125.581680190153,14806.060610276905,19947.692847389488,6728.652972641791,5408.984624637269,5080.684565561506,8235.758929206953,3932.5387601313,3397.892363629981,3659.1577826453426,2989.5948519105455,5613.2010792552655,5167.898936921723,11755.838366109849,8461.859326617152,4871.924370931902,5121.673693711569,8963.185433390197,4197.493645103663,5215.230858446551,4386.803739092501,5065.278506192003,9795.804278050184,4688.5411052398085,6970.683135800779,4997.56200821511,3879.2484282690093,5716.370121178344,4952.023767185334,9267.268367341958,9895.982460138885,9238.324405804187,7773.081550164128,3725.9505780080453,4024.1907439498605,2894.0528837259503,3641.491995768392,2607.2143787130944,6018.59234454867,5839.106880492843,6781.4367436947505,7535.999195286817,8976.711291977243,6492.9167726690675,5321.639215522169,3881.4354988684668,3678.290658373029,3893.651546604429,0.0,2746.5445538253275,0.0,2746.5445538253275,3921.796178697961,0.0,3921.796178697961,3951.0385523235623,5546.414631761842,4080.392854088261,3534.463271856687,3859.040192570836,4695.368188570578
2011-10-01,5506.669530224378,3240.9725014348396,3247.1370963753134,3062.3846956066263,8280.585857836695,18089.866958037623,24180.91793783799,8506.68489720653,6721.750114442618,6361.267207739945,10177.78491267242,4940.631616825685,4237.40464237998,4637.117084186972,3722.7244528438364,6938.53329388613,6447.650430172563,14643.962276662027,10480.783287597329,6334.784776252091,6546.142835543327,10493.234428526623,5024.550902473683,6305.140147904378,6122.516549856481,6233.008472996854,13721.760839398263,5639.3559211133215,8694.036565377608,6127.387934258847,4784.911200053282,6709.884362694714,5847.900074554948,10971.591698241486,11558.067657404412,11615.801903225254,9323.539480571228,4666.145761211699,4967.2395460872785,3404.402363086229,4331.351407068517,3047.744408623082,7313.511413303272,7115.711142958505,8160.142369666782,8995.451965623644,10306.86911722995,8074.582662724664,6836.961642644252,4632.019226951307,4398.192071842704,4645.960231849684,0.0,3166.7109540525253,0.0,3166.7109540525253,4919.297913579886,0.0,4919.297913579886,4936.755019932267,6758.76840767439,5158.213616546585,4386.089273870559,4751.542911841156,5587.425976683387
2012-01-01,5273.011475019967,2992.1635982992566,2998.040828395346,2817.5987802446048,6772.964866905995,17479.088070307516,22852.87290747647,8899.922333593973,6426.701752554115,6131.247977308132,10556.703935170075,4385.899416554842,3817.9046749415274,4114.822531030839,3492.948148526295,6784.136830801057,6023.1892368451045,16556.786087058746,10345.463766944295,5997.456594963585,6155.621599528817,9486.606898297772,4654.860809470061,5840.47618079593,5231.468728210117,6010.514935288709,10768.978599619535,5310.70252727793,9053.14059355854,5519.26009626334,4709.571521342223,6660.584879798793,5443.74908373007,11570.14452181009,12603.8062817225,12409.72567095146,8840.460098583308,4213.278183388228,4700.9121419018975,3241.9198707522837,4131.524161610932,2887.646757236208,6896.139358321511,6570.746902960527,8290.482044387849,9913.593354087348,12153.850982348065,8207.553259371143,6906.793804088446,4461.8004177210205,4061.4746597077296,4485.3606190428845,0.0,2940.468555267607,0.0,2940.468555267607,4649.054222975532,0.0,4649.054222975532,4680.972065547909,7676.289545057397,4679.416308536998,4106.482970591369,4383.089791029023,5104.578517458839
2012-04-01,6227.108292366218,3508.6478128416993,3516.4545050744855,3283.517596584025,8361.208719898224,19542.200546638174,25699.491235682897,9763.048652925012,7502.27102867098,7189.930359497848,10001.746190171876,5436.213680018177,4620.37645353933,5305.749514266918,4136.042333106004,7864.850797251215,7299.073137423197,16892.945107165007,11561.806539803963,6822.876804571578,7162.919974305158,12300.918047369105,5693.6044097719405,7023.533619745623,6501.6446673658775,6874.230646074372,12072.41880965749,6309.216849046502,9814.238219145638,6622.699110339849,5604.609283701756,7543.22083797351,6540.922735763417,12663.935821310866,13447.589395873547,12892.352192798653,10748.173302489824,4979.099265067386,5709.979710414521,3908.4539222868802,5068.504911830508,3472.8580218326206,8170.653221702844,7889.67823696626,9360.740977890491,11033.775768219075,13399.910560278078,9300.759288394123,7561.930258225373,5209.436626687765,4916.27400608811,5226.758131489122,0.0,3656.837197019426,0.0,3656.837197019426,5490.259769349194,0.0,5490.259769349194,5658.936803812753,7989.651555459938,5845.081479139905,5027.8991039112425,4986.340847001861,6353.130454073585
2012-07-01,5789.265369618342,3221.495679439491,3227.7738190524215,3043.79062976416,10509.96109478969,17755.104819332206,23180.866892086196,8929.21616230204,6879.7647901275495,6633.260871399371,10573.211857473612,5231.514239292924,4326.357577522057,4723.228324187861,3809.2115915381905,7276.818584058521,6553.683247334621,14743.99670400528,10491.675790426036,6318.927103175238,6795.374713100118,11023.697578190877,5114.299634453103,6313.709555687449,6153.436466252425,6375.828766722466,13237.213728610915,5711.050349162047,8696.70786925792,6010.297378182587,5137.672322887306,6886.989361976667,5982.756686783102,11342.614066906774,12017.70075401443,11589.036762218295,9680.80769799083,5109.845086116826,5237.563929605885,3679.3934194821068,4778.42756407023,3266.4019794299043,7676.280956436698,7468.458244514947,8554.362297743512,9600.815769487,11251.494038936262,8490.757316667117,6668.97382027333,4972.431082526226,4734.036997136422,4986.502696731619,0.0,3344.7484813475157,0.0,3344.7484813475157,5108.336361439383,0.0,5108.336361439383,5236.49442756344,7920.774020873971,5329.52918648047,4634.608690348346,4878.066504400606,5875.52778805348
2012-10-01,7038.0289527607265,4097.382627014899,4102.9362249322385,3929.3770722351774,10944.969300828665,22319.336149284834,29050.27230246861,11122.191192218796,8639.447753675171,8116.471476502529,12887.053227698945,6796.813438530331,5505.734798769905,6233.566931038431,4764.9718548042665,8984.910296429613,8183.981642228706,18761.444870386786,12971.221822520554,8102.874847624691,8530.538903067325,13231.102937766695,6300.873361321927,7914.6708023113215,7609.652385775233,7973.094026862215,17500.55467391676,7400.101308316445,11881.560596669931,7519.647485312606,6319.947330321372,8665.124927515199,7177.6516294399535,14130.664983244162,15154.458934082666,14235.757420312328,11715.633775433726,5748.527608712482,6416.401849813331,4382.862301817967,5700.496820025612,3888.5267360460875,9257.41873860626,9007.871509533834,10321.515705591934,11490.930263890743,13328.385138909829,10246.695021727788,8268.109760909476,5970.005879898823,5563.518979143229,5993.96708616203,0.0,3819.3177676928917,0.0,3819.3177676928917,6359.1623380537485,0.0,6359.1623380537485,6301.7035560572895,8788.888311016764,6462.981594540908,5663.339691861865,6132.7052739068595,7254.893889059954
2013-01-01,6682.523311717004,3813.544154485204,3818.7943651788723,3643.1026754886666,8101.6160399232285,22144.10823336732,28421.52848784085,11574.505085664752,8037.518054202882,7690.180746910253,12332.104764974816,5744.59033356504,4794.336745764943,5539.2596951751775,4281.004431816471,8354.871441293073,7627.706554106115,21044.655106652568,13321.46508487337,7362.73581969682,7778.636029841768,11197.350442013743,5564.301648354859,7019.091449227421,6600.070495214891,7352.182458747131,12554.061352447283,6638.053254593907,11265.623461665473,6900.063272328918,5729.083491924753,8301.659706282184,6590.95043931446,16379.81966965164,18884.129398645353,15145.154243088264,11040.39885020772,5215.23131260299,5958.031818245003,4115.2476201660575,5373.047187431542,3623.9651840381225,8786.123146403843,8365.482831583826,10586.244259075953,12802.171462726845,16063.313340218625,10270.902597938395,8782.34470174421,5676.351880693745,5257.36886272338,5700.831852482074,0.0,3550.782028323172,0.0,3550.782028323172,5910.0246494476505,0.0,5910.0246494476505,5855.477835323328,8380.285843279342,5922.21214053933,5301.824476402854,5373.501673570161,7097.887207395437
2013-04-01,7892.3596505066735,4470.631089676536,4477.512347410944,4251.665704146795,11696.722710614322,25052.01751105529,32518.798771092213,12734.279330392028,9453.982809815894,8927.553174698407,12913.32546581146,7010.795161335389,5986.753190573329,6803.819281300195,5294.939812011414,9991.723732797846,9224.717334560199,21292.561669491854,14904.58246676245,8725.71327938444,9462.473093615581,13369.155929623543,6902.1597228943365,8643.745200308296,7734.112222639305,8707.820614501677,14091.329868575505,7971.08537647502,13114.028843048718,8358.844194341247,6978.665541951742,8795.91909911579,8178.860936433911,16252.758285788817,17199.657158246093,17034.37482862856,13732.634666764065,6390.317626368414,7207.697475100737,4913.259652327902,6477.591082228676,4339.0133798231345,10495.230505708081,10156.664430920178,11945.493438774205,13737.771810546406,16698.816536796672,11640.283889758404,9204.643685538573,6701.606875979933,6366.187210975106,6720.810321378383,0.0,4337.510835914521,0.0,4337.510835914521,6865.683716260886,0.0,6865.683716260886,7135.544473466467,10125.728490536118,7235.493813656297,6453.187690885615,6504.988934929273,8720.238254723636
2013-07-01,7280.014710126377,4103.970707276592,4108.788070483742,3957.7902329526023,13901.287721152843,22660.932702639493,29300.608794294447,11573.44404392413,8758.98938704646,8367.078886611882,13665.65530772038,6619.126878634369,5481.930029221964,6176.590981030763,4734.449819525048,9017.961046072936,8472.026889600127,18675.739506586546,13465.138228082755,8176.059256247385,8539.178321431807,13610.723534531886,6426.030982787424,8099.601905839305,8572.33085627611,8259.672729626871,15830.306701476615,7484.694257650992,11141.27055620161,7986.510515327543,6360.707314879464,8932.83418981793,7704.840548042765,14879.594832063416,16021.59761931154,14521.444796406402,12299.494069267845,6041.700549620401,6549.683486919642,4656.328758738932,6150.168205883486,4102.601538398162,9722.014754350983,9401.113298525133,11100.4430901224,12073.855937209682,14090.497097371648,10815.224500138142,8346.90407870448,6246.46027487226,5846.009489552681,6269.421958816959,0.0,4015.1093729649847,0.0,4015.1093729649847,6400.770816530054,0.0,6400.770816530054,6437.793625689969,9434.012206762485,6408.009028135973,5899.032477525039,6454.669044270642,7789.884515030186
2013-10-01,8872.872164038416,5172.983887841037,5176.933817013001,5049.903569842341,15843.59327239017,27013.611317419894,34308.9951147883,14300.03512547756,11035.68186407042,10424.585788426062,16537.60210783369,8427.127324386049,6939.25784399178,8040.029729050766,5931.742739669222,11311.25643344347,10374.010723158752,24110.336775062984,16924.16845880605,10099.603090784118,10728.589221053364,16239.706298066387,7991.726845602641,10205.229542855554,10346.103636657943,10002.556614961839,22637.675633402192,9260.466481386538,15079.140821478079,9919.247287764638,7954.9693082780195,10546.258761642652,9379.319458060447,17388.3346008751,18232.926358027038,18370.88380660195,15000.719688786352,6894.330969373535,8060.936731961566,5479.44401783091,7257.772312098733,4821.8677193274,11627.661472431242,11262.120827636272,13201.957442179568,14717.572781373421,17076.731470846684,13147.546481301913,10888.94428068161,7490.121758677326,7168.101005823733,7508.521353164352,0.0,4688.276736472075,0.0,4688.276736472075,8037.598473963575,0.0,8037.598473963575,7978.31053031546,11346.434087974018,8034.943622649484,7274.778628812684,8249.527905394189,10379.705215941416
2014-01-01,8536.559178878448,4844.01523227739,4838.633865296564,5021.302260593049,11581.00431447901,29410.077828182923,37406.285361235794,14995.794416993092,10162.414624575815,9823.578576320015,15609.70819896729,7124.520714566512,6082.14557897614,6928.332947345397,5475.014707281325,10739.155763303612,9836.764741018982,25321.26268850867,17249.883137200988,9311.80417229462,9996.617095236119,14028.62547781687,6917.31375712126,8895.158592918697,8604.869329635034,9227.517755119225,14317.2604591215,8268.157504894867,13512.887198037683,8838.344914679627,7446.8947724341715,10005.248740593332,8821.433391446215,19822.85944485619,22166.403068163676,21115.448619956147,13753.339699260967,6154.356347799341,7684.617021163949,5087.071585793183,6707.212199012467,4461.119178122889,11323.946289396808,10631.992160006235,14302.918109964652,16536.222479611442,20890.408302947024,13298.158595183571,11464.823503560667,7298.643977188088,6704.748108617381,7332.883591918462,0.0,4505.402246049493,0.0,4505.402246049493,7488.846117252163,0.0,7488.846117252163,7440.0963756726915,10567.63549562184,7433.7687082527345,6830.588642776349,7508.241010435463,9373.887449944481
2014-04-01,10321.104499287701,5685.422985617532,5693.0293981119485,5442.081163421585,17250.982974363345,33187.264339571724,42594.57844442431,16014.34541158964,12457.595046312981,11877.277890173078,17359.101721031857,9155.406441169487,7803.932210374214,9018.252823539699,6622.099825266279,13168.2634760248,11866.570436757043,26690.93071348024,19898.652799335483,11474.317105947044,12096.812704497863,17632.26053431149,8830.804394531257,10974.250455005484,10860.333994706985,11275.850167555009,19468.177482704567,10560.053109980176,17698.261261568783,11181.705489971644,9274.258924565176,12293.665574608325,11157.739775663036,20466.507329670276,21688.608094534426,22195.140145121313,16870.9210096296,7832.336994495356,9598.67893683888,6065.006621494283,8054.6240726527985,5347.153693659529,13292.752021396178,12848.398618355059,15195.99332409529,18537.20871882743,22742.461953904247,15631.96425474808,12529.71227302917,8790.894842422098,8471.201623879135,8809.235914279807,0.0,5636.309842815571,0.0,5636.309842815571,8874.848098018772,0.0,8874.848098018772,9182.704252048632,12712.477453663603,9216.772549500954,8434.567211737469,9868.303878698927,12980.893021534652
2014-07-01,9706.195976336165,5203.6722455321,5208.324465956969,5055.352070178003,20014.83851556451,31026.96987866698,39324.06968417902,15386.95797732859,11505.945236286232,10974.000017540286,16428.665508308146,8310.576411355485,7319.405021166464,8067.962940219063,6143.153924539872,12121.28696801471,11156.518374911819,24121.08325982853,18070.92048725141,10345.656889894193,11199.490249414943,17503.57593423529,8343.330024147977,10531.82164573124,10761.750368256162,10737.472583873434,19613.119450303457,9527.021938510543,15516.36092995212,10605.186811427153,8558.101291006284,11756.372200378415,10360.4804037568,20143.456809217423,21844.71027569926,19576.483344923785,16218.27006561766,7434.431336926102,8842.093773235398,5940.424661138331,7902.26376438691,5222.353166486258,13019.592270449995,12636.188044137076,14662.132090920162,16169.379888507237,19122.73922872597,14264.610255544261,11360.464509102523,8465.423115208849,8148.817671166376,8483.723631623723,0.0,5312.101901715878,0.0,5312.101901715878,8599.807801879015,0.0,8599.807801879015,8816.790874000808,15017.930510047692,8622.26351797708,7792.708934466795,9112.178542257938,11752.09752385321
2014-10-01,11954.596795924355,6876.182934179121,6882.7727087347,6659.509767598661,22353.105183943608,38272.36531925457,47926.89362336382,19663.94933987666,14664.342486317819,14086.620039597268,20431.653216546347,11052.561146424254,9313.925515885114,10120.22573215788,7839.1806168044905,15124.254118821293,13473.584248945028,31654.244556780814,22892.878938430076,13374.599340952578,14287.01402231437,21435.936503615983,10268.13355085554,12958.911642326177,12904.397871319155,13530.31114101826,28579.332699976945,12051.710149667455,20823.958380749176,12828.475622291628,10951.60316634322,13624.014477218127,12844.563230110043,24019.11985494728,25242.612533610245,24792.758538116726,20731.57747755807,8754.067812470363,10924.726075821141,7108.786932752026,9335.647640706671,6287.5851519058315,15541.497979319633,15082.731007495398,17507.797895447533,19927.944621484043,23106.134415656965,17934.49811112796,14478.68837519607,10113.915418901,9837.745859987861,10129.899571580914,0.0,6510.499747240339,0.0,6510.499747240339,10944.284268977077,0.0,10944.284268977077,10849.482018446879,15390.900487022549,11028.360715353781,9720.835122455162,11189.017489674736,15266.297636298188
2015-01-01,11379.032464657872,6328.722025332372,6331.62599258015,6229.565144033701,16288.560087273183,42445.19527923418,53547.57972547198,20810.95810702408,13531.05505513724,13191.131304397715,19817.504107004916,9165.215733378423,7838.841229348671,9179.479516494888,7071.660519034418,13963.505737631702,12849.884522092712,39993.74197451524,23360.179729817366,12145.467421545769,13085.923328840276,18822.163859912664,9040.259406346604,11690.407971170283,10956.348997577312,12277.772853634182,19072.69267739981,10921.918182809382,18139.34255052603,11227.925517995514,10017.905722544261,12676.39337849595,11671.731945099556,27477.660747294754,30857.808572924216,27322.50520507874,19256.95799453184,7870.203978325071,9965.119702172502,6634.477443084822,8712.864628488604,5831.640502242005,14879.07176777546,13979.859138352624,18732.01408635434,22659.9833825155,29419.722228625047,17577.537958585828,15570.059304619997,9518.25986879067,8654.713227308173,9567.14358082869,0.0,6845.83013065824,0.0,6845.83013065824,9947.402959547162,0.0,9947.402959547162,9906.46068374069,14123.27725728929,10046.762925932631,8881.17552513456,10045.207206475348,13090.388429276938
2015-04-01,13476.216029784959,7589.601353813854,7601.290025705027,7214.3732022663135,20096.886290399914,45013.98385649631,57653.019060374725,20770.921722444287,16031.345722241489,15297.187169396746,22611.7844547336,11599.782482253599,9851.392280750064,11226.704385227578,8717.138776768365,16924.776494953607,15365.426910385213,37827.10069137328,26072.451161784054,14495.395831970083,15821.325406924347,22311.437677231086,11350.151717885334,14540.756669443343,14147.498877968645,14649.503650730467,26950.122088693814,13468.442817131368,22066.915801392413,14654.024777814524,11918.756688704387,14677.468186691867,14528.36863975262,27756.99783892365,29245.349127264708,28884.764358992947,23683.690353513273,9817.005768527475,12312.393390852018,7975.622237431944,10539.87283397345,7056.2195463897315,17210.849764355487,16564.068188121626,19983.94923790721,24661.89651121901,31019.805410632114,20159.302097476277,16794.766668765005,11269.977271837133,10893.745711797987,11290.713236930354,0.0,8754.814494829327,0.0,8754.814494829327,11717.566905733886,0.0,11717.566905733886,12196.391017624806,16736.855270841275,12478.87922473697,10920.72087990374,11914.030693824849,17045.77300292271
2015-07-01,12753.499160722116,7003.353778586391,7004.9381173751835,6953.863825903603,26407.60136388359,40393.78432105457,50504.04836388466,20864.36162996124,15100.027101752297,14596.252890213951,23050.451279422803,10829.990355942447,9265.901555061806,10400.776143111409,8135.89277332337,15980.181590400716,14761.59117802074,35806.21630544936,23948.800533731523,14033.425015976862,14570.695217775894,21179.06585852399,10765.400220129983,13844.48547683274,14271.968326188164,13864.82260557469,25566.962284283913,12834.003636581048,20223.231185202163,13903.545133746542,11499.604667625632,15238.406478042114,13429.25315798516,26619.916241921663,28799.68756370245,25288.10846938193,21743.435479043248,9331.714659012498,11564.815411720849,7835.429017763134,10483.719465268423,6883.212104206823,17203.669642532335,16612.041834166288,19751.637014967466,21082.890656409647,24468.405150316757,18978.290435167568,15354.692778542321,10841.463837435185,10415.5008224976,10865.199958261208,0.0,8117.9103795934225,0.0,8117.9103795934225,11475.841261257492,0.0,11475.841261257492,11528.035523793356,16854.285877501974,11733.55791427598,10178.25447222403,12132.557574382025,15632.538968091381
2015-10-01,15490.139802242813,8971.642843672465,8979.871058634684,8712.554626450783,27977.795534000747,48617.858425611135,59744.886185480456,26342.78596031088,18975.384029699064,18164.95885434627,26766.302867695173,14053.65010592278,11770.286262691647,13305.725053639306,10180.640314208704,19696.84820153485,17918.252808144447,40338.233767456004,30338.49649814987,17566.54380206186,19147.66758125419,26920.66751526753,13042.685491521503,17534.932489720934,17356.095246137833,17127.502129761713,37137.823673765895,15574.119051338881,26460.296996604775,16429.376036230384,14116.037858916601,17526.667033319303,15598.029841642952,31004.985611615524,32481.26564178801,31440.21876334657,27221.046455692736,11092.304268440495,13731.80178893852,9342.49931501229,12420.739871289306,8244.989938017965,20565.558150480218,19816.676384360515,23814.201822606337,26710.529101701613,31488.239978792404,23761.162628360446,18566.301016200792,12792.42303362668,12443.365088261326,12811.847097586697,0.0,9713.824748900737,0.0,9713.824748900737,14281.75973549368,0.0,14281.75973549368,14223.321471101493,19939.135333424554,14612.772889712154,12569.57424666345,15346.481954503814,19695.5218770476
2016-01-01,14941.908476144628,8289.157237342433,8293.205079818013,8154.376720474915,20728.347718510828,50978.447419189324,61631.75450536961,29074.161947853037,17958.11900429179,17471.788242397295,29067.735895798876,11988.690121623466,10237.669288387058,12531.563391822086,9463.12935356102,18919.79888676973,17547.93540935825,48924.89214271986,31211.05231130695,15833.798862576792,17680.526431657046,23642.595368940103,11874.410384450292,15719.021468237032,15150.318333667245,16819.432224621396,28577.579078523046,14245.346722961569,24421.815026765187,15271.187447718485,13175.108664994235,15259.865181380814,14511.760987133883,34994.461774735995,38995.95282228594,35756.55543173223,24878.37862631163,9971.391541252236,13061.258678193892,8521.81683799743,11413.139309497521,7448.791492251388,19863.883302077593,18605.55647429539,25317.725053952425,29545.410625359153,37639.029146359615,23596.783046998316,20867.45448666599,12583.081491181823,11225.616487944048,12660.158831380391,0.0,9182.824708264845,0.0,9182.824708264845,13140.900837290548,0.0,13140.900837290548,13253.71053338331,19827.091626127625,13242.298264926432,11877.319739039107,14460.632364156629,19229.79055828736
2016-04-01,18089.252391326074,10028.002381230017,10034.736667228062,9804.754501207326,29474.352378403662,55899.53416850106,68065.98060311918,31309.758819511786,21612.186428746656,20731.484848211363,30472.809919931675,15217.344035302474,13323.094152433669,15150.908605473796,11469.180723809028,23653.82548325752,21511.071856793318,48591.17866583099,35702.79705433482,19586.545997678113,21485.78784172828,28106.765183948155,15104.761286760377,19195.936046409726,19246.988520908562,19721.231307325495,33579.897216817175,18195.60621306385,30438.161128063373,20331.07278480436,16291.43515121191,18009.323938236135,18491.264003210934,37232.82491697838,39029.72643017811,37766.327409390506,32591.58888051495,12905.659743946679,16660.651596480988,10430.05647140349,14149.652364066973,9151.800778524605,23086.486219539187,22232.157201126774,26753.080004927717,33690.41783959635,41994.34086387427,27826.22303094138,23603.5775598513,15265.433130175448,14610.042735811528,15303.288105279491,0.0,11674.763021544913,0.0,11674.763021544913,16052.311957818025,0.0,16052.311957818025,16363.801779730595,22413.723910792858,16802.738295918552,14583.62593213401,16893.85482716475,24063.98558990977
2016-07-01,16888.583912946102,9829.062334326944,9842.477069583696,9381.65718117968,42038.07318861244,55093.53502533706,68208.03550320011,28906.690173608116,20307.59025490505,20093.91543505655,32933.28067523735,14272.528532362587,12485.67932999096,14579.912789854148,10780.843573669017,20865.976310635524,19852.745461266277,45490.57421554244,32616.93502226214,18379.385223459554,19498.801014107474,28374.413786176137,14007.73180434064,17897.117176607746,18192.596399894865,18149.061298392095,33074.15905159142,16373.540498351605,27402.938255705212,18510.054529811907,14902.56561204987,22071.555380531772,17584.17613959458,34787.567489830835,36991.80253241496,34657.30623103215,29527.74838719908,11965.675965653476,14761.837254917733,10122.183227781456,13668.040197091106,8886.792175833783,22198.505374515364,21207.251827049422,26469.908757410172,28782.482896127425,33401.65846976717,25985.597026638658,21221.96496334109,14521.045713236706,13381.117202252899,14588.717883922023,0.0,10857.2032559339,0.0,10857.2032559339,15723.550561890102,0.0,15723.550561890102,15284.367252527547,22079.809814913384,15622.221324518445,13514.13030220369,17110.507981562743,21656.99663515042
2016-10-01,21047.601676102426,12401.828189190877,12409.883168178058,12120.335556755976,40817.42350019304,65297.33783326695,80887.80155144636,35420.30309092586,25824.542057924824,24876.83315976096,35965.146996489515,18279.548875389224,15915.294471868694,18417.0186157429,13405.277405726712,26624.224588132492,26444.810339062475,58973.26130395095,41559.857645846336,23137.885026738248,25384.61796533742,34543.23973577955,17596.642763182153,22383.358152002853,25222.149845162803,23354.584820606306,50665.38302488829,20840.371923899973,37144.31413833557,22759.33772028985,22076.4862397619,21739.50379116005,21089.67448953126,42010.91802440378,43781.728572060645,43651.272749573924,37229.62030447603,14666.292322857358,18698.350040329242,11857.79303942098,16023.851320543568,10403.504335179485,27524.94247517852,26630.226945874234,31405.080987082063,38666.860034942205,47195.90721913514,33036.24966108063,27121.290564333252,17688.354527495656,16632.28595836541,17751.817174114247,0.0,12953.395804358344,0.0,12953.395804358344,19987.296371391007,0.0,19987.296371391007,19214.60896974629,27853.913987231186,19758.47361120935,16844.98485225957,22718.778198098138,27529.321142076496
